timestamp,price
2026-06-26 20:34:53,0.000703
2026-06-26 20:42:15,0.000702
2026-06-26 20:49:09,0.000702
2026-06-26 21:33:45,0.000699
2026-06-26 21:47:41,0.000699
2026-06-26 22:30:30,0.000699
2026-06-26 22:36:45,0.000697
2026-06-26 22:43:36,0.000697
2026-06-26 22:45:00,0.000697
2026-06-26 22:49:30,0.000697
2026-06-26 22:54:55,0.000697
2026-06-26 22:58:13,0.000697
2026-06-26 23:01:25,0.000697
2026-06-26 23:03:37,0.000697
2026-06-26 23:06:45,0.000697
2026-06-26 23:07:12,0.000697
2026-06-26 23:07:45,0.000697
2026-06-27 01:28:44,0.000700
2026-06-27 05:32:20,0.000701
2026-06-27 08:37:08,0.000703
2026-06-27 10:57:56,0.000705
2026-06-27 12:13:07,0.000703
2026-06-27 14:14:01,0.000712
2026-06-27 14:14:24,0.000712
2026-06-27 14:16:44,0.000712
2026-06-27 14:18:31,0.000712
2026-06-27 14:19:20,0.000712
2026-06-27 15:49:06,0.000707
2026-06-27 17:11:40,0.000710
2026-06-27 17:22:01,0.000709
2026-06-27 17:28:55,0.000706
2026-06-27 18:45:08,0.000705
2026-06-27 20:08:47,0.000703
2026-06-27 21:38:23,0.000703
2026-06-27 23:03:13,0.000700
2026-06-28 01:34:01,0.000702
2026-06-28 06:19:25,0.000705
2026-06-28 09:41:22,0.000714
2026-06-28 11:47:19,0.000714
2026-06-28 13:47:25,0.000717
2026-06-28 15:18:18,0.000717
2026-06-28 16:05:38,0.000716
2026-06-28 16:10:38,0.000716
2026-06-28 16:17:09,0.000717
2026-06-28 16:26:12,0.000717
2026-06-28 16:35:06,0.000718
2026-06-28 16:38:12,0.000718
2026-06-28 16:42:46,0.000718
2026-06-28 16:43:10,0.000718
2026-06-28 16:49:44,0.000718
2026-06-28 16:56:16,0.000718
2026-06-28 16:58:45,0.000718
2026-06-28 17:02:22,0.000718
2026-06-28 17:11:12,0.000718
2026-06-28 19:07:38,0.000716
2026-06-28 19:13:11,0.000716
2026-06-28 19:16:11,0.000716
2026-06-28 19:23:34,0.000716
2026-06-28 19:28:06,0.000716
2026-06-28 19:40:56,0.000715
2026-06-28 19:47:31,0.000715
2026-06-30 18:11:15,0.000717
2026-06-30 18:19:08,0.000717
2026-06-30 19:13:53,0.000713
2026-06-30 21:11:23,0.000710
2026-06-30 22:46:31,0.000714
2026-06-30 23:56:01,0.000715
2026-07-01 02:29:49,0.000716
2026-07-01 06:51:35,0.000723
2026-07-01 10:36:37,0.000715
2026-07-01 13:30:35,0.000704
2026-07-01 16:13:46,0.000709
2026-07-01 18:20:33,0.000708
2026-07-01 20:20:37,0.000708
2026-07-01 21:56:10,0.000714
2026-07-01 23:02:02,0.000710
2026-07-02 01:29:11,0.000711
2026-07-02 05:30:35,0.000709
2026-07-02 08:38:16,0.000709
2026-07-02 11:24:59,0.000707
2026-07-02 13:13:51,0.000701
2026-07-02 15:37:38,0.000703
2026-07-02 17:23:33,0.000704
2026-07-02 18:54:04,0.000707
2026-07-02 20:13:21,0.000707
2026-07-02 21:39:29,0.000707
2026-07-02 22:54:21,0.000705
2026-07-02 23:54:10,0.000705
2026-07-03 01:30:53,0.000711
2026-07-03 05:40:19,0.000701
2026-07-03 08:44:09,0.000701
2026-07-03 11:23:41,0.000704
2026-07-03 13:18:12,0.000703
2026-07-03 15:31:55,0.000701
2026-07-03 17:09:37,0.000704
2026-07-03 18:43:50,0.000709
2026-07-03 20:07:54,0.000711
2026-07-03 21:36:58,0.000719
2026-07-03 22:51:57,0.000719
2026-07-03 23:54:00,0.000715
2026-07-04 01:30:41,0.000708
2026-07-04 05:33:41,0.000709
2026-07-04 08:18:30,0.000705
2026-07-04 10:30:16,0.000710
2026-07-04 11:51:40,0.000709
2026-07-04 12:54:37,0.000711
2026-07-04 14:22:17,0.000711
2026-07-04 15:37:35,0.000717
2026-07-04 16:49:08,0.000721
2026-07-04 17:53:42,0.000722
2026-07-04 18:51:30,0.000718
2026-07-04 20:02:55,0.000714
2026-07-04 21:24:35,0.000712
2026-07-04 22:24:43,0.000712
2026-07-04 23:28:01,0.000710
2026-07-05 01:13:42,0.000704
2026-07-05 05:15:16,0.000706
2026-07-05 08:23:18,0.000706
2026-07-06 16:14:36,0.000708
2026-07-06 17:33:00,0.000708
2026-07-06 19:28:20,0.000707
2026-07-06 21:09:20,0.000705
2026-07-06 22:43:13,0.000705
2026-07-06 23:55:33,0.000700
2026-07-07 01:53:27,0.000700
2026-07-07 05:56:47,0.000698
2026-07-07 09:26:11,0.000697
2026-07-07 12:13:52,0.000695
2026-07-07 15:22:22,0.000697
2026-07-07 17:30:35,0.000696
2026-07-07 19:30:00,0.000691
2026-07-07 21:05:57,0.000691
2026-07-07 22:34:30,0.000691
2026-07-07 23:43:25,0.000692
2026-07-08 01:21:39,0.000690
2026-07-08 04:39:05,0.000691
2026-07-08 07:20:51,0.000696
2026-07-08 09:42:47,0.000699
2026-07-08 11:40:27,0.000700
2026-07-08 13:23:57,0.000707
2026-07-08 15:39:14,0.000703
2026-07-08 17:16:01,0.000704
2026-07-08 18:52:05,0.000700
2026-07-08 20:15:18,0.000698
2026-07-08 21:36:25,0.000699
2026-07-08 22:53:32,0.000699
2026-07-08 23:58:04,0.000699
2026-07-09 02:31:06,0.000705
2026-07-09 06:31:48,0.000705
2026-07-09 10:16:34,0.000699
2026-07-09 15:50:20,0.000700
2026-07-09 17:44:58,0.000700
2026-07-09 19:17:17,0.000699
2026-07-09 20:59:28,0.000694
2026-07-09 22:21:30,0.000695
2026-07-09 23:41:44,0.000691
2026-07-10 01:27:10,0.000692
2026-07-10 05:29:28,0.000697
2026-07-10 08:48:00,0.000692
2026-07-10 11:40:33,0.000690
2026-07-10 13:50:57,0.000692
2026-07-10 16:11:53,0.000699
2026-07-10 18:06:10,0.000697
2026-07-10 19:56:15,0.000698
2026-07-10 20:59:22,0.000698
2026-07-10 22:01:01,0.000698
2026-07-10 23:26:16,0.000698
2026-07-11 00:54:33,0.000697
2026-07-11 03:58:16,0.000697
2026-07-11 06:10:00,0.000697
2026-07-11 08:17:23,0.000701
2026-07-11 09:54:21,0.000702
2026-07-11 10:50:58,0.000701
2026-07-11 11:41:38,0.000703
2026-07-11 12:46:13,0.000703
2026-07-11 14:16:02,0.000702
2026-07-11 15:27:32,0.000702
2026-07-11 16:23:29,0.000703
2026-07-11 17:27:19,0.000702
2026-07-11 18:13:53,0.000702
2026-07-11 19:37:46,0.000703
2026-07-11 20:36:16,0.000706
2026-07-11 21:37:23,0.000705
2026-07-11 22:34:39,0.000703
2026-07-11 23:40:43,0.000701
2026-07-12 01:22:21,0.000697
2026-07-12 04:45:18,0.000697
2026-07-12 07:23:11,0.000698
2026-07-12 09:23:20,0.000697
2026-07-12 10:49:39,0.000696
2026-07-12 11:49:29,0.000698
2026-07-12 12:48:22,0.000699
2026-07-12 14:22:19,0.000697
2026-07-12 15:30:30,0.000698
2026-07-12 16:41:53,0.000698
2026-07-12 17:47:18,0.000697
2026-07-12 18:44:53,0.000696
2026-07-12 19:58:51,0.000695
2026-07-12 20:41:50,0.000694
2026-07-12 21:36:59,0.000694
2026-07-12 22:35:45,0.000692
2026-07-12 23:40:32,0.000692
2026-07-13 01:23:43,0.000690
2026-07-13 04:52:32,0.000696
2026-07-13 08:00:19,0.000698
2026-07-13 11:12:49,0.000693
2026-07-13 13:32:58,0.000692
2026-07-13 16:18:50,0.000695
2026-07-13 18:15:00,0.000696
2026-07-13 19:55:34,0.000696
2026-07-13 20:47:05,0.000696
2026-07-13 21:42:22,0.000697
2026-07-13 22:42:25,0.000699
2026-07-13 23:40:38,0.000699
2026-07-14 01:13:11,0.000701
2026-07-14 04:20:29,0.000698
2026-07-14 06:31:47,0.000698
2026-07-14 08:57:24,0.000696
2026-07-14 10:39:17,0.000698
2026-07-14 12:04:17,0.000697
2026-07-14 14:20:14,0.000700
2026-07-14 15:53:17,0.000692
2026-07-14 16:59:15,0.000691
2026-07-14 18:01:05,0.000691
2026-07-14 19:49:25,0.000696
2026-07-14 20:47:34,0.000696
2026-07-14 21:43:59,0.000696
2026-07-14 22:43:45,0.000696
2026-07-14 23:40:01,0.000699
2026-07-15 01:09:52,0.000699
2026-07-15 04:20:39,0.000689
2026-07-15 06:34:02,0.000693
2026-07-15 09:03:11,0.000699
2026-07-15 11:05:31,0.000704
2026-07-15 12:47:51,0.000701
2026-07-15 14:31:00,0.000697
2026-07-15 16:11:38,0.000700
2026-07-15 17:42:38,0.000695
2026-07-15 18:50:57,0.000695
2026-07-15 19:59:49,0.000695
2026-07-15 21:00:19,0.000695
2026-07-15 22:01:55,0.000696
2026-07-15 23:25:56,0.000696
2026-07-16 00:15:33,0.000696
2026-07-16 03:44:58,0.000700
2026-07-16 06:08:12,0.000699
2026-07-16 08:37:30,0.000697
2026-07-16 10:47:19,0.000697
2026-07-16 12:12:53,0.000694
2026-07-16 14:29:12,0.000695
2026-07-16 15:55:24,0.000699
2026-07-16 17:00:01,0.000701
2026-07-16 18:06:57,0.000704
2026-07-16 19:37:42,0.000704
2026-07-16 20:42:38,0.000704
2026-07-16 21:57:52,0.000706
2026-07-16 22:45:21,0.000705
2026-07-16 23:45:48,0.000705
2026-07-17 01:22:26,0.000709
2026-07-17 04:32:36,0.000715
2026-07-17 07:07:55,0.000715
2026-07-17 09:25:02,0.000705
2026-07-17 11:00:47,0.000713
2026-07-17 12:39:18,0.000700
2026-07-17 14:23:08,0.000708
2026-07-17 15:51:27,0.000709
2026-07-17 16:56:33,0.000708
2026-07-17 17:57:57,0.000701
2026-07-17 18:59:51,0.000701
2026-07-17 20:05:36,0.000703
2026-07-17 21:12:33,0.000704
2026-07-17 22:10:27,0.000705
2026-07-17 23:12:49,0.000705
2026-07-18 00:13:41,0.000705
2026-07-18 03:39:31,0.000710
2026-07-18 05:55:13,0.000711
2026-07-18 07:23:17,0.000710
2026-07-18 09:06:07,0.000710
2026-07-18 10:44:27,0.000710
2026-07-18 11:42:10,0.000709
2026-07-18 12:43:48,0.000709
2026-07-18 14:13:20,0.000715
2026-07-18 15:26:32,0.000727
2026-07-18 16:24:47,0.000718
2026-07-18 17:27:29,0.000739
2026-07-18 18:14:23,0.000734
2026-07-18 19:37:48,0.000728
2026-07-18 20:35:19,0.000728
2026-07-18 21:38:18,0.000728
2026-07-18 22:36:02,0.000723
2026-07-18 23:39:58,0.000723
2026-07-19 01:20:34,0.000724
2026-07-19 04:40:58,0.000723
2026-07-19 07:20:25,0.000723
2026-07-19 09:23:37,0.000724
2026-07-19 10:49:12,0.000724
2026-07-19 11:47:27,0.000730
2026-07-19 12:45:10,0.000732
2026-07-19 14:17:56,0.000731
2026-07-19 15:28:46,0.000731
2026-07-19 16:26:05,0.000731
2026-07-19 17:29:55,0.000729
2026-07-19 18:27:12,0.000737
2026-07-19 19:39:09,0.000736
2026-07-19 20:35:36,0.000741
2026-07-19 21:39:23,0.000741
2026-07-19 22:38:56,0.000735
2026-07-19 23:44:10,0.000729
2026-07-20 01:23:39,0.000737
2026-07-20 04:58:06,0.000727
2026-07-20 07:54:39,0.000730
2026-07-20 10:37:41,0.000727
2026-07-20 12:59:37,0.000730
2026-07-20 15:11:00,0.000725
2026-07-20 16:50:38,0.000722
2026-07-20 18:47:31,0.000722
2026-07-20 20:15:03,0.000723
2026-07-20 21:37:40,0.000727
2026-07-20 22:43:52,0.000727
2026-07-20 23:44:59,0.000727
2026-07-21 01:20:12,0.000723
2026-07-21 04:39:26,0.000723
2026-07-21 07:25:58,0.000721
2026-07-21 09:57:30,0.000718
2026-07-21 11:43:37,0.000715
2026-07-21 13:10:08,0.000718
2026-07-21 15:20:18,0.000719
2026-07-21 16:51:45,0.000714
2026-07-21 18:06:37,0.000714
2026-07-21 19:57:38,0.000709
2026-07-21 21:00:24,0.000706
2026-07-21 22:23:50,0.000706
2026-07-21 23:25:12,0.000705
2026-07-22 00:12:59,0.000705
2026-07-22 03:53:33,0.000706
2026-07-22 06:19:38,0.000704
2026-07-22 09:05:20,0.000703
2026-07-22 11:23:08,0.000705
2026-07-22 12:53:07,0.000709
2026-07-22 14:52:37,0.000710
2026-07-22 16:12:11,0.000709
2026-07-22 17:45:47,0.000710
2026-07-22 18:53:31,0.000714
2026-07-22 20:04:30,0.000716
2026-07-22 21:33:36,0.000719
2026-07-22 22:50:08,0.000716
2026-07-22 23:51:59,0.000712
2026-07-23 01:26:36,0.000715
2026-07-23 04:45:52,0.000720
2026-07-23 07:26:14,0.000719
2026-07-23 09:43:49,0.000719
2026-07-23 11:44:16,0.000714
2026-07-23 13:19:01,0.000720
2026-07-23 15:29:42,0.000717
2026-07-23 16:57:37,0.000719
2026-07-23 18:08:48,0.000718
2026-07-23 19:52:56,0.000724
2026-07-23 20:48:49,0.000727
2026-07-23 21:54:07,0.000727
2026-07-23 22:44:07,0.000727
2026-07-23 23:46:30,0.000724
2026-07-24 01:22:12,0.000725
2026-07-24 04:41:03,0.000715
2026-07-24 07:23:59,0.000719
2026-07-24 09:41:01,0.000717
2026-07-24 11:28:53,0.000714
2026-07-24 12:55:53,0.000713
2026-07-24 14:42:56,0.000724
2026-07-24 17:56:41,0.000724
2026-07-24 19:12:46,0.000719
2026-07-24 20:43:35,0.000719
2026-07-24 21:52:43,0.000723
2026-07-24 22:50:15,0.000722
2026-07-24 23:52:18,0.000722
2026-07-25 01:22:58,0.000722
2026-07-25 04:36:04,0.000724
2026-07-25 07:07:48,0.000720
2026-07-25 09:15:40,0.000718
2026-07-25 10:49:27,0.000717
2026-07-25 11:56:08,0.000716
2026-07-25 12:55:07,0.000717
2026-07-25 14:24:48,0.000717
2026-07-25 15:34:14,0.000718
2026-07-25 16:41:59,0.000718
2026-07-25 17:46:17,0.000718
2026-07-25 18:45:50,0.000719
2026-07-25 20:03:21,0.000722
2026-07-25 21:13:51,0.000722
2026-07-25 22:14:57,0.000723
2026-07-25 23:26:55,0.000723
2026-07-26 01:03:15,0.000723
2026-07-26 04:49:35,0.000724
2026-07-26 07:29:26,0.000728
2026-07-26 09:32:48,0.000731
2026-07-26 11:11:48,0.000732
2026-07-26 12:34:38,0.000731
2026-07-26 14:21:30,0.000724
2026-07-26 15:35:15,0.000730
2026-07-26 16:42:47,0.000742
2026-07-26 17:51:33,0.000741
2026-07-26 18:51:18,0.000741
2026-07-26 20:02:24,0.000740
2026-07-26 21:15:46,0.000737
2026-07-26 22:26:18,0.000738
2026-07-26 23:26:33,0.000732
2026-07-27 01:05:47,0.000728
2026-07-27 04:59:36,0.000726
2026-07-27 08:30:17,0.000722
2026-07-27 11:51:13,0.000722
2026-07-27 14:05:54,0.000721
2026-07-27 16:36:56,0.000717
2026-07-27 18:17:17,0.000713
2026-07-27 20:01:06,0.000716
2026-07-27 21:33:54,0.000720
2026-07-27 22:47:54,0.000722
2026-07-27 23:52:44,0.000722
2026-07-28 01:17:59,0.000727
2026-07-28 04:33:35,0.000732
2026-07-28 07:29:48,0.000732
2026-07-28 10:05:30,0.000731
2026-07-28 12:18:12,0.000735
2026-07-28 14:55:21,0.000731
2026-07-28 16:27:01,0.000727
2026-07-28 17:50:45,0.000727
2026-07-28 19:02:16,0.000727
2026-07-28 20:38:15,0.000727
2026-07-28 21:53:47,0.000727
2026-07-28 22:48:17,0.000722
2026-07-28 23:47:51,0.000725
2026-07-29 01:19:31,0.000723
2026-07-29 04:39:01,0.000707
2026-07-29 07:35:37,0.000700
2026-07-29 10:25:45,0.000700
2026-07-29 12:26:48,0.000702
2026-07-29 14:38:22,0.000703
2026-07-29 16:14:12,0.000700
2026-07-29 17:44:16,0.000710
2026-07-29 18:49:53,0.000708
2026-07-29 20:05:56,0.000706
2026-07-29 21:24:07,0.000700
2026-07-29 22:25:43,0.000704
2026-07-29 23:28:22,0.000707
2026-07-30 00:52:57,0.000709
2026-07-30 03:48:43,0.000709
2026-07-30 06:15:30,0.000709
2026-07-30 09:09:03,0.000709
2026-07-30 11:26:16,0.000700
2026-07-30 13:00:40,0.000699
2026-07-30 15:28:10,0.000698
2026-07-30 16:58:25,0.000696
2026-07-30 18:12:55,0.000699
2026-07-30 19:58:07,0.000701
2026-07-30 21:03:02,0.000705
2026-07-30 22:32:22,0.000705
2026-07-30 23:51:00,0.000705
2026-07-31 01:26:19,0.000704
2026-07-31 04:52:51,0.000705
2026-07-31 07:42:49,0.000706
2026-07-31 10:25:37,0.000709
2026-07-31 12:24:16,0.000703
2026-07-31 14:43:53,0.000720
2026-07-31 16:28:54,0.000713
2026-07-31 18:02:37,0.000713
2026-07-31 19:58:53,0.000714
2026-07-31 21:01:22,0.000708
2026-07-31 22:29:23,0.000707
2026-07-31 23:29:28,0.000702
2026-08-01 01:02:18,0.000703
2026-08-01 04:44:39,0.000708
2026-08-01 07:22:08,0.000706
2026-08-01 09:29:30,0.000706
2026-08-01 10:57:50,0.000702
2026-08-01 11:58:25,0.000704
2026-08-01 13:09:59,0.000704
2026-08-01 14:42:29,0.000700
2026-08-01 15:49:54,0.000699
2026-08-01 16:44:18,0.000699
2026-08-01 17:49:01,0.000700
2026-08-01 18:48:36,0.000701
2026-08-01 20:03:10,0.000704
2026-08-01 21:13:31,0.000704
2026-08-01 22:16:52,0.000702
2026-08-01 23:24:28,0.000704
2026-08-02 01:01:59,0.000704
2026-08-02 04:46:16,0.000704
2026-08-02 07:25:29,0.000705
2026-08-02 09:28:13,0.000706
2026-08-02 10:57:23,0.000708
2026-08-02 11:56:52,0.000708
2026-08-02 13:01:12,0.000708
2026-08-02 14:44:39,0.000708
2026-08-02 15:50:10,0.000709
2026-08-02 16:43:13,0.000710
2026-08-02 17:50:13,0.000710
2026-08-02 18:49:04,0.000710
2026-08-02 20:03:38,0.000710
2026-08-02 21:14:18,0.000706
2026-08-02 22:15:29,0.000706
2026-08-02 23:25:04,0.000704
2026-08-03 01:01:13,0.000706
2026-08-03 04:54:55,0.000707
2026-08-03 08:17:54,0.000706
2026-08-03 11:51:57,0.000705
2026-08-03 14:09:38,0.000702
2026-08-03 16:43:52,0.000692
2026-08-03 18:30:11,0.000695
2026-08-03 20:11:39,0.000695
2026-08-03 21:35:29,0.000698
2026-08-03 22:48:33,0.000696
2026-08-03 23:57:28,0.000697
2026-08-04 01:53:12,0.000695
2026-08-04 04:51:42,0.000695
2026-08-04 07:28:58,0.000694
2026-08-04 10:08:28,0.000697
2026-08-04 12:23:10,0.000693
2026-08-04 14:56:09,0.000693
2026-08-04 16:46:00,0.000695
2026-08-04 18:20:42,0.000697
2026-08-04 20:05:40,0.000695
2026-08-04 21:44:20,0.000697
2026-08-04 22:50:46,0.000699
2026-08-04 23:52:03,0.000700
2026-08-05 01:18:51,0.000705
2026-08-05 04:35:44,0.000697
2026-08-05 07:29:58,0.000699
2026-08-05 10:07:33,0.000700
2026-08-05 12:21:35,0.000698
2026-08-05 14:42:14,0.000700
2026-08-05 16:25:01,0.000698
2026-08-05 17:59:27,0.000701
2026-08-05 19:27:16,0.000697
2026-08-05 20:42:43,0.000697
2026-08-05 22:03:23,0.000700
2026-08-05 23:27:24,0.000700
2026-08-06 00:49:51,0.000702
2026-08-06 03:56:07,0.000696
2026-08-06 06:21:54,0.000695
2026-08-06 09:18:12,0.000695
2026-08-06 11:37:52,0.000697
2026-08-06 13:28:20,0.000704
2026-08-06 15:40:13,0.000703
2026-08-07 00:35:10,0.000707
2026-08-07 03:42:09,0.000708
2026-08-07 05:26:26,0.000707
2026-08-07 06:40:56,0.000709
2026-08-07 08:03:47,0.000709
2026-08-07 09:28:35,0.000708
2026-08-07 10:24:47,0.000708
2026-08-07 11:13:01,0.000708
2026-08-07 12:03:59,0.000708
2026-08-07 13:44:30,0.000701
2026-08-07 14:43:30,0.000702
2026-08-07 15:41:43,0.000707
2026-08-07 16:38:50,0.000708
2026-08-07 17:37:58,0.000707
2026-08-07 18:36:09,0.000706
2026-08-07 19:42:03,0.000697
2026-08-07 20:26:26,0.000698
2026-08-07 21:06:48,0.000698
2026-08-07 22:02:01,0.000700
2026-08-07 23:01:05,0.000700
2026-08-07 23:53:48,0.000702
2026-08-08 00:41:13,0.000701
2026-08-08 02:47:27,0.000701
2026-08-08 04:01:35,0.000702
2026-08-08 05:12:30,0.000700
2026-08-08 06:02:20,0.000700
2026-08-08 07:26:00,0.000700
2026-08-08 08:04:54,0.000700
2026-08-08 09:06:51,0.000700
2026-08-08 09:59:56,0.000701
2026-08-08 10:33:10,0.000701
2026-08-08 11:17:47,0.000701
2026-08-08 11:50:21,0.000701
2026-08-08 12:21:04,0.000701
2026-08-08 13:23:43,0.000701
2026-08-08 14:02:57,0.000701
2026-08-08 14:55:01,0.000702
2026-08-08 15:16:47,0.000702
2026-08-08 15:52:40,0.000705
2026-08-08 16:17:11,0.000705
2026-08-08 16:58:23,0.000705
2026-08-08 17:24:49,0.000705
2026-08-08 17:53:48,0.000704
2026-08-08 18:19:18,0.000704
2026-08-08 19:05:48,0.000706
2026-08-08 19:49:05,0.000706
2026-08-08 20:14:39,0.000706
2026-08-08 20:53:58,0.000706
2026-08-08 21:17:14,0.000706
2026-08-08 21:51:53,0.000708
2026-08-08 22:14:54,0.000708
2026-08-08 22:53:03,0.000708
2026-08-08 23:16:05,0.000708
2026-08-08 23:50:08,0.000708
2026-08-09 00:43:33,0.000709
2026-08-09 02:54:52,0.000709
2026-08-09 04:07:45,0.000709
2026-08-09 05:27:26,0.000708
2026-08-09 06:06:00,0.000710
2026-08-09 07:28:22,0.000710
2026-08-09 08:06:57,0.000711
2026-08-09 09:07:53,0.000715
2026-08-09 10:01:33,0.000714
2026-08-09 10:58:22,0.000711
2026-08-09 11:24:44,0.000713
2026-08-09 11:51:43,0.000714
2026-08-09 12:22:25,0.000714
2026-08-09 13:28:05,0.000714
2026-08-09 14:05:22,0.000710
2026-08-09 14:58:12,0.000712
2026-08-09 15:25:32,0.000712
2026-08-09 15:54:35,0.000712
2026-08-09 16:19:06,0.000712
2026-08-09 17:01:34,0.000709
2026-08-09 17:54:09,0.000709
2026-08-09 18:21:06,0.000709
2026-08-09 19:08:36,0.000709
2026-08-09 19:53:21,0.000709
2026-08-09 20:17:25,0.000708
2026-08-09 20:58:14,0.000708
2026-08-09 21:26:46,0.000707
2026-08-09 21:56:07,0.000707
2026-08-09 22:19:04,0.000705
2026-08-09 22:55:40,0.000707
2026-08-09 23:18:55,0.000701
2026-08-09 23:54:06,0.000701
2026-08-10 00:45:34,0.000701
2026-08-10 03:03:51,0.000700
2026-08-10 05:00:53,0.000697
2026-08-10 06:47:41,0.000698
2026-08-10 08:19:13,0.000698
2026-08-10 09:53:42,0.000700
2026-08-10 10:54:40,0.000700
2026-08-10 11:39:43,0.000698
2026-08-10 12:38:56,0.000699
2026-08-10 14:10:06,0.000702
2026-08-10 15:27:40,0.000702
2026-08-10 16:14:00,0.000702
2026-08-10 17:14:59,0.000706
2026-08-10 18:09:35,0.000705
2026-08-10 19:26:47,0.000705
2026-08-10 20:06:21,0.000705
2026-08-10 21:07:42,0.000705
2026-08-10 22:03:35,0.000705
2026-08-10 23:02:02,0.000705
2026-08-10 23:56:39,0.000705
2026-08-11 01:01:59,0.000705
2026-08-11 03:13:30,0.000706
2026-08-11 04:45:37,0.000706
2026-08-11 05:44:41,0.000705
2026-08-11 06:42:48,0.000705
2026-08-11 08:00:47,0.000705
2026-08-11 09:26:08,0.000707
2026-08-11 10:22:05,0.000708
2026-08-11 11:10:30,0.000708
2026-08-11 12:03:08,0.000706
2026-08-11 13:48:57,0.000708
2026-08-11 14:47:53,0.000704
2026-08-11 15:46:13,0.000705
2026-08-11 16:43:21,0.000710
2026-08-11 17:45:48,0.000710
2026-08-11 18:42:38,0.000714
2026-08-11 19:52:12,0.000715
2026-08-11 20:31:14,0.000715
2026-08-11 21:33:02,0.000715
2026-08-11 22:29:03,0.000715
2026-08-11 23:11:09,0.000714
2026-08-12 00:04:55,0.000715
2026-08-12 03:01:39,0.000712
2026-08-12 05:10:54,0.000712
2026-08-12 06:49:50,0.000710
2026-08-12 08:07:25,0.000710
2026-08-12 09:35:58,0.000710
2026-08-12 10:49:00,0.000710
2026-08-12 11:36:56,0.000707
2026-08-12 12:38:43,0.000710
2026-08-12 14:10:46,0.000713
2026-08-12 15:25:58,0.000710
2026-08-12 16:15:17,0.000710
2026-08-12 17:24:10,0.000711
2026-08-12 18:12:57,0.000712
2026-08-12 19:32:41,0.000705
2026-08-12 20:29:56,0.000705
2026-08-12 21:14:37,0.000706
2026-08-12 22:07:26,0.000705
2026-08-12 23:07:15,0.000709
2026-08-13 00:03:58,0.000708
2026-08-13 03:04:45,0.000705
2026-08-13 05:14:30,0.000705
2026-08-13 06:52:17,0.000705
2026-08-13 08:09:35,0.000704
2026-08-13 09:36:53,0.000704
2026-08-13 10:49:55,0.000705
2026-08-13 11:36:49,0.000705
2026-08-13 12:39:42,0.000706
2026-08-13 14:12:40,0.000706
2026-08-13 15:27:24,0.000703
2026-08-13 16:22:47,0.000705
2026-08-13 17:25:16,0.000705
2026-08-13 18:13:59,0.000708
2026-08-13 19:31:27,0.000708
2026-08-13 20:27:23,0.000708
2026-08-13 21:11:59,0.000708
2026-08-13 22:08:11,0.000704
2026-08-13 23:08:47,0.000705
2026-08-14 00:03:52,0.000705
2026-08-14 03:03:48,0.000706
2026-08-14 05:11:17,0.000707
2026-08-14 06:49:46,0.000708
2026-08-14 08:05:40,0.000708
2026-08-14 09:31:40,0.000712
2026-08-14 10:45:27,0.000712
2026-08-14 11:34:36,0.000709
2026-08-14 12:35:27,0.000708
2026-08-14 14:06:22,0.000708
2026-08-14 15:11:56,0.000700
2026-08-14 16:10:55,0.000698
2026-08-14 17:22:40,0.000696
2026-08-14 18:11:14,0.000696
2026-08-14 19:24:33,0.000692
2026-08-14 20:00:25,0.000693
2026-08-14 20:51:32,0.000693
2026-08-14 21:13:41,0.000693
2026-08-14 21:45:43,0.000693
2026-08-14 22:10:14,0.000693
2026-08-14 22:45:08,0.000696
2026-08-14 23:09:49,0.000693
2026-08-14 23:43:13,0.000694
2026-08-15 00:30:33,0.000695
2026-08-15 02:06:03,0.000696
2026-08-15 03:09:25,0.000697
2026-08-15 03:59:24,0.000697
2026-08-15 04:28:34,0.000697
2026-08-15 04:55:56,0.000697
2026-08-15 05:15:27,0.000698
2026-08-15 05:46:57,0.000698
2026-08-15 06:16:39,0.000699
2026-08-15 07:03:26,0.000699
2026-08-15 07:49:00,0.000698
2026-08-15 08:13:02,0.000699
2026-08-15 08:50:51,0.000700
2026-08-15 09:13:46,0.000699
2026-08-15 09:46:42,0.000699
2026-08-15 10:09:58,0.000699
2026-08-15 10:44:32,0.000699
2026-08-15 11:08:37,0.000699
2026-08-15 11:40:51,0.000699
2026-08-15 12:13:27,0.000700
2026-08-15 13:04:37,0.000700
2026-08-15 13:48:33,0.000700
2026-08-15 14:10:19,0.000702
2026-08-15 14:44:05,0.000701
2026-08-15 15:08:54,0.000700
2026-08-15 15:41:16,0.000703
2026-08-15 16:09:40,0.000703
2026-08-15 16:46:21,0.000703
2026-08-15 17:10:26,0.000703
2026-08-15 17:41:32,0.000702
2026-08-15 18:10:41,0.000701
2026-08-15 18:52:13,0.000704
2026-08-15 19:12:07,0.000704
2026-08-15 19:41:02,0.000702
2026-08-15 20:09:14,0.000700
2026-08-15 20:44:09,0.000701
2026-08-15 21:09:27,0.000700
2026-08-15 21:41:38,0.000697
2026-08-15 22:07:54,0.000699
2026-08-15 22:43:34,0.000700
2026-08-15 23:09:25,0.000700
2026-08-15 23:40:22,0.000699
2026-08-16 00:31:36,0.000700
2026-08-16 02:13:51,0.000701
2026-08-16 03:24:09,0.000701
2026-08-16 04:05:03,0.000701
2026-08-16 04:56:36,0.000701
2026-08-16 05:19:28,0.000701
2026-08-16 05:49:42,0.000701
2026-08-16 06:18:36,0.000700
2026-08-16 07:05:45,0.000700
2026-08-16 07:50:30,0.000702
2026-08-16 08:14:08,0.000702
2026-08-16 08:53:05,0.000703
2026-08-16 09:15:37,0.000703
2026-08-16 09:47:53,0.000704
2026-08-16 10:10:58,0.000704
2026-08-16 10:45:13,0.000703
2026-08-16 11:09:08,0.000703
2026-08-16 11:40:59,0.000704
2026-08-16 12:13:42,0.000704
2026-08-16 13:06:19,0.000704
2026-08-16 13:49:25,0.000702
2026-08-16 14:11:13,0.000702
2026-08-16 14:44:30,0.000702
2026-08-16 15:09:14,0.000703
2026-08-16 15:41:57,0.000709
2026-08-16 16:09:48,0.000709
2026-08-16 16:46:48,0.000704
2026-08-16 17:09:42,0.000704
2026-08-16 17:40:38,0.000704
2026-08-16 18:10:37,0.000704
2026-08-16 18:51:41,0.000704
2026-08-16 19:11:58,0.000704
2026-08-16 19:40:12,0.000704
2026-08-16 20:07:51,0.000706
2026-08-16 20:43:29,0.000706
2026-08-16 21:08:52,0.000706
2026-08-16 21:39:56,0.000702
2026-08-16 22:08:15,0.000701
2026-08-16 22:42:54,0.000701
2026-08-16 23:08:15,0.000701
2026-08-16 23:40:17,0.000701
2026-08-17 00:29:54,0.000701
2026-08-17 02:03:15,0.000702
2026-08-17 03:24:29,0.000701
2026-08-17 04:08:18,0.000697
2026-08-17 05:04:09,0.000697
2026-08-17 05:55:47,0.000699
2026-08-17 06:30:00,0.000697
2026-08-17 07:32:34,0.000695
2026-08-17 08:28:42,0.000692
2026-08-17 09:08:07,0.000692
2026-08-17 10:02:19,0.000694
2026-08-17 10:53:14,0.000695
2026-08-17 11:14:10,0.000696
2026-08-17 11:46:34,0.000695
2026-08-17 12:17:32,0.000695
2026-08-17 13:12:20,0.000696
2026-08-17 13:57:47,0.000696
2026-08-17 14:21:01,0.000696
2026-08-17 14:50:29,0.000699
2026-08-17 15:13:40,0.000695
2026-08-17 15:45:44,0.000694
2026-08-17 16:12:39,0.000692
2026-08-17 16:51:07,0.000692
2026-08-17 17:15:35,0.000693
2026-08-17 17:50:53,0.000693
2026-08-17 18:19:15,0.000693
2026-08-17 19:04:40,0.000695
2026-08-17 19:47:43,0.000695
2026-08-17 20:12:46,0.000695
2026-08-17 20:49:18,0.000695
2026-08-17 21:14:21,0.000692
2026-08-17 21:45:47,0.000692
2026-08-17 22:11:16,0.000692
2026-08-17 22:46:03,0.000692
2026-08-17 23:10:37,0.000692
2026-08-17 23:42:47,0.000691
2026-08-18 00:29:27,0.000691
2026-08-18 01:57:44,0.000691
2026-08-18 02:50:34,0.000691
2026-08-18 03:33:53,0.000691
2026-08-18 04:22:40,0.000691
2026-08-18 04:58:10,0.000691
2026-08-18 05:23:47,0.000691
2026-08-18 05:51:23,0.000691
2026-08-18 06:21:05,0.000691
2026-08-18 07:11:02,0.000692
2026-08-18 07:59:03,0.000694
2026-08-18 08:33:04,0.000694
2026-08-18 09:19:59,0.000694
2026-08-18 09:54:47,0.000695
2026-08-18 10:15:36,0.000695
2026-08-18 10:52:05,0.000695
2026-08-18 11:14:21,0.000691
2026-08-18 11:46:34,0.000693
2026-08-18 12:19:14,0.000693
2026-08-18 13:14:42,0.000694
2026-08-18 14:01:56,0.000694
2026-08-18 14:57:45,0.000686
2026-08-18 15:25:04,0.000686
2026-08-18 15:53:15,0.000682
2026-08-18 16:16:39,0.000682
2026-08-18 16:54:04,0.000684
2026-08-18 17:16:02,0.000684
2026-08-18 17:49:45,0.000684
2026-08-18 18:18:20,0.000686
2026-08-18 19:03:54,0.000686
2026-08-18 19:45:49,0.000689
2026-08-18 20:09:55,0.000689
2026-08-18 20:44:41,0.000687
2026-08-18 21:11:39,0.000690
2026-08-18 21:43:12,0.000689
2026-08-18 22:09:37,0.000687
2026-08-18 22:46:03,0.000687
2026-08-18 23:10:21,0.000687
2026-08-18 23:42:36,0.000687
2026-08-19 00:30:11,0.000687
2026-08-19 02:01:27,0.000691
2026-08-19 03:15:23,0.000690
2026-08-19 04:04:00,0.000691
2026-08-19 04:58:25,0.000691
2026-08-19 05:24:58,0.000690
2026-08-19 05:52:29,0.000690
2026-08-19 06:21:38,0.000691
2026-08-19 07:12:05,0.000692
2026-08-19 07:58:42,0.000692
2026-08-19 08:32:35,0.000695
2026-08-19 09:20:32,0.000698
2026-08-19 09:54:51,0.000696
2026-08-19 10:15:49,0.000696
2026-08-19 10:51:05,0.000697
2026-08-19 11:13:19,0.000697
2026-08-19 11:46:01,0.000695
2026-08-19 12:18:47,0.000697
2026-08-19 13:22:06,0.000695
2026-08-19 14:02:51,0.000692
2026-08-19 14:58:37,0.000688
2026-08-19 15:26:40,0.000674
2026-08-19 15:54:36,0.000671
2026-08-19 16:16:44,0.000665
2026-08-19 16:52:35,0.000670
2026-08-19 17:15:25,0.000669
2026-08-19 17:46:30,0.000672
2026-08-19 18:15:14,0.000671
2026-08-19 18:59:01,0.000670
2026-08-19 19:22:10,0.000671
2026-08-19 19:45:58,0.000671
2026-08-19 20:12:29,0.000674
2026-08-19 20:50:30,0.000672
2026-08-19 21:14:13,0.000678
2026-08-19 21:46:19,0.000670
2026-08-19 22:12:12,0.000675
2026-08-19 22:46:58,0.000671
2026-08-19 23:11:45,0.000673
2026-08-19 23:42:54,0.000672
2026-08-20 00:30:19,0.000674
2026-08-20 01:59:47,0.000678
2026-08-20 02:55:53,0.000678
2026-08-20 03:36:59,0.000675
2026-08-20 04:24:02,0.000675
2026-08-20 04:59:44,0.000675
2026-08-20 05:29:16,0.000674
2026-08-20 05:56:14,0.000674
2026-08-20 06:26:38,0.000674
2026-08-20 07:14:35,0.000671
2026-08-20 08:01:44,0.000673
2026-08-20 09:01:54,0.000664
2026-08-20 09:56:05,0.000659
2026-08-20 10:19:08,0.000657
2026-08-20 10:53:23,0.000657
2026-08-20 11:15:23,0.000657
2026-08-20 11:48:17,0.000657
2026-08-20 12:20:32,0.000658
2026-08-20 13:24:04,0.000657
2026-08-20 14:05:04,0.000661
2026-08-20 15:00:49,0.000661
2026-08-20 15:54:35,0.000660
2026-08-20 16:19:21,0.000661
2026-08-20 16:57:36,0.000665
2026-08-20 17:21:53,0.000667
2026-08-20 17:52:39,0.000661
2026-08-20 18:19:43,0.000666
2026-08-20 19:07:38,0.000663
2026-08-20 19:51:37,0.000659
2026-08-20 20:15:02,0.000659
2026-08-20 20:51:54,0.000661
2026-08-20 21:16:20,0.000665
2026-08-20 21:49:36,0.000660
2026-08-20 22:14:06,0.000663
2026-08-20 22:50:22,0.000660
2026-08-20 23:14:14,0.000656
2026-08-20 23:46:04,0.000656
2026-08-21 00:32:22,0.000651
2026-08-21 02:15:19,0.000642
2026-08-21 03:26:48,0.000646
2026-08-21 04:07:42,0.000648
2026-08-21 04:59:56,0.000649
2026-08-21 05:31:55,0.000650
2026-08-21 06:22:54,0.000647
2026-08-21 07:13:51,0.000646
2026-08-21 08:02:18,0.000651
2026-08-21 09:04:34,0.000650
2026-08-21 09:56:54,0.000646
2026-08-21 10:21:09,0.000647
2026-08-21 10:54:03,0.000653
2026-08-21 11:15:11,0.000653
2026-08-21 11:48:21,0.000653
2026-08-21 12:20:29,0.000652
2026-08-21 13:23:16,0.000656
2026-08-21 14:03:30,0.000656
2026-08-21 14:59:18,0.000664
2026-08-21 15:30:39,0.000668
2026-08-21 16:17:28,0.000666
2026-08-21 16:57:34,0.000671
2026-08-21 17:21:49,0.000667
2026-08-21 17:52:01,0.000665
2026-08-21 18:18:45,0.000667
2026-08-21 19:03:32,0.000674
2026-08-21 19:44:00,0.000676
2026-08-21 20:11:23,0.000670
2026-08-21 20:45:15,0.000674
2026-08-21 21:11:55,0.000674
2026-08-21 21:44:36,0.000670
2026-08-21 22:11:03,0.000674
2026-08-21 22:46:32,0.000682
2026-08-21 23:11:46,0.000687
2026-08-21 23:44:34,0.000678
2026-08-22 00:29:36,0.000687
2026-08-22 01:57:20,0.000682
2026-08-22 02:48:13,0.000691
2026-08-22 03:32:12,0.000697
2026-08-22 04:20:24,0.000695
2026-08-22 04:55:46,0.000704
2026-08-22 05:16:29,0.000673
2026-08-22 05:48:55,0.000669
2026-08-22 06:18:00,0.000670
2026-08-22 07:06:10,0.000672
2026-08-22 07:51:27,0.000672
2026-08-22 08:14:53,0.000673
2026-08-22 08:53:41,0.000665
2026-08-22 09:15:35,0.000664
2026-08-22 09:47:49,0.000671
2026-08-22 10:10:35,0.000666
2026-08-22 10:45:32,0.000666
2026-08-22 11:09:46,0.000666
2026-08-22 11:41:07,0.000656
2026-08-22 12:13:48,0.000666
2026-08-22 13:06:11,0.000669
2026-08-22 13:48:51,0.000673
2026-08-22 14:09:19,0.000674
2026-08-22 14:43:36,0.000673
2026-08-22 15:08:49,0.000673
2026-08-22 15:41:41,0.000675
2026-08-22 16:09:18,0.000673
2026-08-22 16:46:09,0.000678
2026-08-22 17:09:54,0.000676
2026-08-22 17:41:57,0.000682
2026-08-22 18:11:08,0.000682
2026-08-22 18:53:46,0.000681
2026-08-22 19:13:36,0.000683
2026-08-22 19:42:08,0.000680
2026-08-22 20:09:04,0.000689
2026-08-22 20:44:42,0.000687
2026-08-22 21:10:00,0.000684
2026-08-22 21:41:52,0.000681
2026-08-22 22:09:01,0.000679
2026-08-22 22:43:44,0.000685
2026-08-22 23:09:07,0.000684
2026-08-22 23:41:10,0.000678
2026-08-23 00:32:41,0.000679
2026-08-23 02:16:28,0.000673
2026-08-23 03:26:34,0.000670
2026-08-23 04:07:07,0.000670
2026-08-23 04:58:02,0.000663
2026-08-23 05:23:54,0.000670
2026-08-23 05:51:35,0.000671
2026-08-23 06:19:26,0.000671
2026-08-23 07:08:05,0.000671
2026-08-23 07:53:17,0.000674
2026-08-23 08:15:38,0.000674
2026-08-23 08:54:11,0.000674
2026-08-23 09:15:46,0.000678
2026-08-23 09:48:53,0.000678
2026-08-23 10:11:18,0.000678
2026-08-23 10:46:45,0.000675
2026-08-23 11:10:11,0.000675
2026-08-23 11:41:27,0.000676
2026-08-23 12:14:07,0.000677
